{
  "rules": {
    "class-name": true,
    "curly": true,
    "eofline": false,
    "forin": true,
    "indent": false,
    "label-position": true,
    "label-undefined": true,
    "max-line-length": [true, 165],
    "no-arg": true,
    "no-bitwise": true,
    "no-console": false,
    "no-construct": true,
    "no-constructor-vars": false,
    "no-debugger": true,
    "no-duplicate-key": true,
    "no-duplicate-variable": true,
    "no-empty": true,
    "no-eval": true,
    "no-string-literal": false,
    "no-switch-case-fall-through": true,
    "no-trailing-whitespace": true,
    "no-unused-expression": true,
    "no-unused-variable": true,
    "no-unreachable": true,
    "no-use-before-declare": true,
    "no-var-requires": false,
    "one-line": [
      true,
      "check-catch",
      "check-else",
      "check-whitespace"
    ],
    "prefer-const": true,
    "quotemark": [true, "single"],
    "semicolon": true,
    "triple-equals": [true, "allow-null-check"],
    "typedef": [true,
      "callSignature",
      "indexSignature",
      "parameter",
      "propertySignature",
      "variableDeclarator",
      "memberVariableDeclarator"],
    "use-strict": true,
    "variable-name": [
        false,
        "allow-leading-underscore"
    ],
    "whitespace": [
      true,
      "check-branch",
      "check-decl",
      "check-operator",
      "check-separator",
      "check-type"
    ]
  }
}